price,predicted_qty,revenue,profit,profit_lower_ci,profit_upper_ci,product_id
53.32120091324201,2176.308304227356,116043.37233886386,18109.498648632845,14309.771272917966,23419.782460222523,A
53.983114463848814,2134.4454743152046,115224.01435680177,19173.968012617555,15139.824278031072,24816.18460879436,A
54.64502801445561,2093.883456167578,114420.32012128244,20195.56459374143,15934.970798585644,26159.014179237,A
55.30694156506242,2054.5667974568514,113631.80580846351,21176.299922905197,16696.889075875024,27450.717174319205,A
55.96885511566922,2016.4430354178191,112858.00809830018,22118.07150449832,17427.1605803444,28693.60354291756,A
56.63076866627602,1979.4625027277414,112098.48307554249,23022.670452794122,18127.27657779725,29889.85616054025,A
57.292682216882824,1943.5781480810454,111352.80520168495,23891.78853803792,18798.64418261031,31041.539123720304,A
57.95459576748963,1908.7453701917352,110620.56635252936,24727.024693901276,19442.591943263596,32150.605417754257,A
58.616509318096426,1874.9218640787885,109901.37491647703,25529.891032931544,20060.37500103515,33218.904011503466,A
59.27842286870323,1842.067478599071,109194.85494908167,26301.818412123474,20653.17985873643,34248.18642783368,A
59.940336419310036,1810.144084290032,108500.64537976842,27044.16158671698,21222.128792814965,35240.11283366819,A
60.60224996991683,1779.1154506720072,107818.39926696623,27758.203986725897,21768.283938978748,36196.25768951109,A
61.26416352052364,1748.947132238364,107147.78309820201,28445.162147475632,22292.651078655093,37118.11499460216,A
61.92607707113044,1719.6063624324247,106488.4761319966,29106.18982253749,22796.183151053276,38007.10316055117,A
62.58799062173725,1691.0619549732596,105840.16977864303,29742.381804846347,23279.783513312246,38864.569543315076,A
63.249904172344046,1663.2842119496781,105202.56701718993,30354.77747945441,23744.308969165533,39691.794660703476,A
63.91181772295085,1636.2448381530762,104575.38184615862,30944.364129270194,24190.57258470655,40489.99612017701,A
64.57373127355766,1609.9168611661712,103958.33876571376,31512.080013236064,24619.346308176227,41260.332279527116,A
65.23564482416445,1584.2745567666193,103351.17228918774,32058.817234689872,25031.363409195746,42003.90566105563,A
65.89755837477125,1559.2933792422966,102753.62648201357,32585.424416110218,25427.32075151481,42721.766138095685,A
66.55947192537806,1534.949896249374,102165.45452627218,33092.709195050345,25807.88091212297,43414.91391110382,A
67.22138547598486,1511.2217278753321,101586.41830919159,33581.44055480165,26173.67415846788,44084.30228909803,A
67.88329902659166,1488.087489597244,101016.28803405982,34052.35100218384,26525.30029452291,44730.840290893946,A
68.54521257719847,1465.5267388512186,100454.8418521252,34506.13860382037,26863.33038554012,45355.395079390146,A
69.20712612780527,1443.519924952123,99901.86551416156,34943.468891316035,27188.308370502637,45958.79424106837,A
69.86903967841207,1422.0483421238596,99357.15204047204,35364.97664489836,27500.752570543988,46541.8279218792,A
70.53095322901888,1401.0940854196817,98820.50140819055,35771.26756430487,27801.15710092323,47105.25082978588,A
71.19286677962567,1380.6400093295765,98291.72025482169,36162.919834990746,28089.99319352736,47649.784113414855,A
71.85478033023247,1360.669688887737,97770.6215970341,36540.485597085935,28367.7104363117,48176.11712551584,A
72.51669388083928,1341.167383107731,97257.02456378963,36904.49232394174,28634.737935575828,48684.90907924777,A
73.17860743144608,1322.1180005863225,96750.7541429549,37255.44411657038,28891.485406506476,49176.790604686284,A
73.84052098205288,1303.5070671290691,96251.64094059824,37593.82291979013,29138.344196992388,49652.3652123748,A
74.50243453265969,1285.320695261998,95759.52095222965,37920.08966543974,29375.688249326773,50112.2106702226,A
75.16434808326649,1267.5455555039118,95274.23534529342,38234.68534761738,29603.875004057732,50556.88029957305,A
75.82626163387329,1250.168849283146,94795.63025226214,38538.03203452056,29823.24624991972,50986.90419582916,A
76.4881751844801,1233.1782833913137,94323.55657373124,38830.53382112213,30034.12892348259,51402.79037862069,A
77.1500887350869,1216.5620458743947,93857.8697909484,39112.57772660065,30236.835861881027,51805.02587613085,A
77.8120022856937,1200.308783268768,93398.42978724759,39384.53454015303,30431.666511734948,52194.07774785967,A
78.4739158363005,1184.407579096499,92945.1006778951,39646.75961855264,30618.90759714415,52570.3940497928,A
79.1358293869073,1168.8479335402806,92497.75064788281,39899.593638570186,30798.833749426336,52934.40474565641,A
79.7977429375141,1153.6197442240918,92056.25179723484,40143.363307150714,30971.70810107524,53286.52256767729,A
80.45965648812091,1138.713288030847,91620.47999342064,40378.382032032525,31137.782846236198,53627.14383002374,A
81.12157003872771,1124.1192038931108,91190.31473049382,40604.95055530384,31297.29976983253,53956.6491978808,A
81.78348358933451,1109.8284764973134,90765.63899459415,40823.35755221505,31450.490747322903,54275.40441490424,A
82.44539713994132,1095.8324208461356,90346.33913548297,41033.88019740686,31597.578216933452,54583.76099161296,A
83.10731069054812,1082.1226676273166,89932.30474378813,41236.78470055889,31738.77562607614,54882.0568570974,A
83.76922424115492,1068.6911493408124,89523.42853366809,41432.326813331536,31874.287853548514,55170.61697626482,A
84.43113779176173,1055.530087139313,89119.60623060961,41620.75230934052,32004.31160899858,55449.75393468867,A
85.09305134236853,1042.631978340236,88720.73646410096,41802.297438790345,32129.0358110386,55719.76849299208,A
85.75496489297532,1029.989584569978,88326.7206649287,41977.18935927969,32248.64194529617,55980.95011256624,A
86.41687844358214,1017.5959205038771,87937.46296686861,42145.64654419415,32363.30440360609,56233.577454306724,A
87.07879199418893,1005.4442431676175,87552.87011254768,42307.8791700049,32473.19080546389,56477.91885193772,A
87.74070554479573,993.5280417680864,87172.85136327118,42464.08948370729,32578.462302789303,56714.232761394065,A
88.40261909540254,981.8410280237306,86797.31841262031,42614.47215155243,32679.273868978904,56942.76818763663,A
89.06453264600934,970.3771269663401,86426.18530363435,42759.214590149044,32775.77457316138,57163.765090184505,A
89.72644619661614,959.1304681879742,86059.3683494035,42898.49728094468,32868.10784051177,57377.454768570125,A
90.38835974722295,948.0953775084088,85696.7860569092,43032.49406903081,32956.411699424694,57584.060228844646,A
91.05027329782975,937.2663690399777,85338.35905395453,43161.372447155525,33040.81901629512,57783.79653218934,A
91.71218684843655,926.6381376281379,84984.01001903904,43285.29382577284,33121.45771860869,57976.87112662621,A
92.37410039904336,916.2055516474212,84633.66361403979,43404.41378990583,33198.451006998555,58163.48416275572,A
93.03601394965015,905.9636461336447,84287.24641956568,43518.882343551675,33271.917556884895,58343.82879439503,A
93.69792750025695,895.9076162344124,83944.68687286001,43628.84414231145,33341.97171027384,58518.091464935016,A
94.35984105086376,886.0328109610786,83605.91520813739,43734.438714888856,33408.723658259725,58686.452180187036,A
95.02175460147056,876.3347272262454,83270.86339923894,43835.800674057886,33472.27961473711,58849.084768440785,A
95.68366815207736,866.8090041518896,82939.46510450204,43933.059917667015,33532.7419818017,59006.15712841428,A
96.34558170268417,857.4514176340782,82611.65561374645,44026.34182021293,33590.20950728896,59157.8314657352,A
97.00749525329097,848.257875150997,82287.37179727702,44115.767415482165,33644.77743487082,59304.26451855427,A
97.66940880389777,839.2244108018657,81966.55205681766,44201.4535707337,33696.5376471086,59445.60777285854,A
98.33132235450458,830.3471805649762,81649.13627828869,44283.51315286476,33745.57880183419,59582.00766801658,A
98.99323590511138,821.6224577637701,81335.0657863463,44362.05518697664,33791.98646221066,59713.60579305886,A
99.65514945571817,813.0466287305225,81024.28330060802,44437.18500773451,33835.84322080285,59840.5390741662,A
100.31706300632499,804.6161886577701,80716.7328934906,44509.00440389094,33877.22881796891,59962.939953813766,A
100.97897655693178,796.3277376281709,80412.35994958959,44577.6117563219,33916.22025486589,60080.93656199008,A
101.64089010753858,788.1779768140383,80111.11112653775,44643.10216990604,33952.89190134622,60194.65287989058,A
102.3028036581454,780.1637048382079,79812.93431727447,44705.56759955512,33987.31559900463,60304.20889645893,A
102.96471720875219,772.2818142884382,79517.77861367112,44765.0969706914,34019.56075962195,60409.72075813088,A
103.62663075935899,764.5292883778981,79225.59427145193,44821.776294446514,34049.6944592374,60511.30091211568,A
104.2885443099658,756.9031977447601,78936.33267635922,44875.68877784501,34077.78152806823,60609.05824353109,A
104.9504578605726,749.4006973842334,78649.9463115077,44926.9149292172,34103.88463648286,60703.09820668929,A
105.6123714111794,742.0190237067981,78366.38872588308,44975.53265907717,34128.06437722391,60793.52295081957,A
106.27428496178621,734.7554917166619,78085.61450393387,45021.61737668409,34150.379344063826,60880.43144049134,A
106.936198512393,727.607492304837,77807.57923621451,45065.24208249685,34170.88620706875,60963.919570993006,A
107.5981120629998,720.5724896515046,77532.23949103736,45106.47745671965,34189.639784635205,61044.080278905974,A
108.26002561360662,713.648018732598,77259.55278709067,45145.39194412376,34206.69311245499,61121.00364809884,A
108.92193916421341,706.8316829258317,76989.47756698602,45182.0518353236,34222.09750955616,61194.7770113586,A
109.58385271482021,700.1211517116332,76721.9731716979,45216.52134467441,34235.90264155984,61265.48504786123,A
110.24576626542702,693.5141584646595,76456.99981585918,45248.86268494949,34248.15658128501,61333.209876674795,A
110.90767981603382,687.0084983318201,76194.51856387971,45279.136138947804,34258.90586682585,61398.031146478286,A
111.56959336664062,680.602026192923,75934.4913068561,45307.400128174566,34268.19555722167,61460.02612166913,A
112.23150691724743,674.2926547002537,75676.88074024065,45333.71127872924,34276.06928582999,61519.26976502439,A
112.89342046785423,668.0783523936061,75421.65034224266,45358.12448453039,34282.56931151144,61575.83481707248,A
113.55533401846102,661.9571418874077,75168.76435293038,45380.692967997034,34287.73656772551,61629.791872321606,A
114.21724756906784,655.9270981268127,74918.18775401042,45401.46833830384,34291.610709634595,61681.2094524885,A
114.87916111967463,649.9863467097387,74669.88624925677,45420.50064731853,34294.23015930635,61730.15407685888,A
115.54107467028143,644.1330622719945,74423.82624556555,45437.8384433258,34295.632149101424,61776.69032990812,A
116.20298822088824,638.3654669327877,74179.97483461256,45453.52882263711,34295.85276332803,61820.88092630315,A
116.86490177149504,632.6818287980166,73938.29977509005,45467.6174791793,34294.926978241194,61862.78677339833,A
117.52681532210185,627.0804605188856,73698.76947550166,45480.1487521518,34292.888700461175,61902.46703133735,A
118.18872887270865,621.5597179035185,73461.35297749622,45491.16567183789,34289.770803880856,61939.97917086326,A
118.85064242331545,616.117998579311,73226.01993971846,45500.710003649474,34285.60516512934,61975.37902893617,A
119.51255597392226,610.7537407039179,72992.74062215938,45508.82229048308,34280.42269765454,62008.720862251874,A
120.17446952452906,605.4654217228383,72761.48587098737,45515.541893459646,34274.25338448617,62040.05739875242,A
120.83638307513586,600.2515571716762,72532.22710384347,45520.90703111805,34267.12630973579,62069.4398872127,A
121.49829662574267,595.1106995212293,72304.93629558354,45524.954817128215,34259.06968888917,62096.91814498494,A
122.16021017634947,590.0414370636547,72079.58596445134,45527.721296586875,34250.11089794262,62122.540603978356,A
122.82212372695626,585.0423928380362,71856.14915866783,45529.2414809562,34240.276501432905,62146.3543549475,A
123.48403727756308,580.1122235937543,71634.59944342116,45529.549381702214,34229.59227940833,62168.40519016013,A
124.14595082816987,575.2496187901421,71414.91088824444,45528.67804268805,34218.083253385405,62188.737644511566,A
124.80786437877667,570.4532996309587,71197.05805476634,45526.6595713732,34205.77371133432,62207.39503514902,A
125.46977792938348,565.722018132306,70981.01598482308,45523.52516886932,34192.68723173383,62224.4194996676,A
126.13169147999028,561.0545562226466,70766.76018891773,45519.30515889863,34178.84670673461,62239.85203293593,A
126.79360503059708,556.4497248736707,70554.26663501661,45514.02901570143,34164.27436446808,62253.732522606704,A
127.45551858120389,551.9063632607832,70343.51173766943,45507.725390934174,34148.99179053603,62266.0997833656,A
128.1174321318107,547.4233379520726,70134.47234744394,45500.42213960066,34133.01994871513,62276.991589969424,A
128.7793456824175,542.99954212464,69927.12574066344,45492.146345054636,34116.37920090821,62286.444709121235,A
129.4412592330243,538.6338948072314,69721.44960943639,45482.92434311097,34099.08932637273,62294.49493022908,A
130.1031727836311,534.3253401481745,69517.42205197041,45472.78174530256,34081.16954025714,62301.1770950929,A
130.76508633423788,530.0728467076311,69315.02156315862,45461.74346131522,34062.63851147119,62306.5251265607,A
131.4269998848447,525.8754067732551,69114.22702543126,45449.83372063478,34043.51437991861,62310.572056195924,A
132.0889134354515,521.7320356983637,68915.01769986305,45437.07609343669,34023.81477311687,62313.35005099312,A
132.7508269860583,517.6417712617679,68717.37321752773,45423.493510748165,34003.556822228784,62314.890439180126,A
133.41274053666513,513.6036730484578,68521.2735710921,45409.10828391149,33982.75717752892,62315.223735140804,A
134.0746540872719,509.6168218503592,68326.69910664178,45393.94212337562,33961.43202332774,62314.37966349347,A
134.7365676378787,505.68031908641296,68133.63051573056,45378.01615684198,33939.59709237424,62312.38718235646,A
135.3984811884855,501.79328624127595,67942.04882764773,45361.350946790306,33917.26767975803,62309.27450583201,A
136.06039473909232,497.95486432193366,67751.93540189345,45343.96650740643,33894.458656329225,62305.069125737835,A
136.72230828969913,494.1642133315993,67563.27192085957,45325.8823209376,33871.18448165692,62299.79783261596,A
137.38422184030594,490.4205117602434,67376.04038270564,45307.117353494694,33847.45921654167,62293.48673604433,A
138.04613539091272,486.7229560911635,67190.22309442602,45287.69007032367,33823.29653510087,62286.161284278394,A
138.7080489415195,483.07076032301626,67005.80266510198,45267.618450566246,33798.70973644292,62277.846283247396,A
139.36996249212632,479.4631555067463,66822.76199933176,45246.92000152818,33773.711755945165,62268.56591492892,A
140.03187604273313,475.8993892968947,66641.08429083516,45225.6117724749,33748.31517615152,62258.34375512536,A
140.69378959333994,472.3787255167558,66460.75301622452,45203.71036797051,33722.53223730396,62247.20279066364,A
141.35570314394676,468.9004437369119,66281.75192893982,45181.23196077879,33696.37484752109,62235.165436039286,A
142.01761669455354,465.46383886665956,66104.06505334069,45158.192304341006,33669.85459263791,62222.253549525776,A
142.67953024516032,462.0682207578788,65927.67667895119,45134.60674484664,33642.982745718255,62208.48844876751,A
143.34144379576713,458.7129138209198,65752.57135485395,45110.49023291256,33615.770276253585,62193.89092587654,A
144.00335734637395,455.39725665207516,65578.73388422714,45085.85733488377,33588.22785905818,62178.48126204919,A
144.66527089698076,452.1206016722427,65406.14931902092,45060.72224377,33560.365882872684,62162.27924172056,A
145.32718444758757,448.88231477639863,65234.802954769744,45035.098789831805,33532.19445868712,62145.304166274276,A
145.98909799819435,445.6817749935011,65064.68032553544,45009.00045082789,33503.7234277924,62127.57486732108,A
146.65101154880114,442.5183741564746,64895.767198977854,44982.4403619365,33474.962369571585,62109.109719563945,A
147.31292509940795,439.39151658192765,64728.04957154877,44955.43132536203,33445.9206090388,62089.92665326255,A
147.97483865001476,436.3006187592841,64561.51366380666,44927.98581963888,33416.60722413697,62070.04316631188,A
148.63675220062157,433.24510904899387,64396.14591584657,44900.116008641846,33387.03105280045,62049.47633594801,A
149.29866575122838,430.22442738953504,64231.93298284382,44871.83375031474,33357.200699793175,62028.24283009456,A
149.96057930183517,427.23802501290845,64068.86173070769,44843.150605126815,33327.12454332938,62006.358918362064,A
150.62249285244195,424.28536416833634,63906.91923184097,44814.077844265834,33296.81074148458,61983.84048271173,A
151.28440640304876,421.3659178539024,63746.09276100343,44784.62645757782,33266.26723840404,61960.703027795884,A
151.94631995365557,418.47916955586777,63586.36979127597,44754.80716126192,33235.50177031678,61936.96169098555,A
152.6082335042624,415.62461299540934,63427.737990122114,44724.630405328695,33204.52187136091,61912.63125209621,A
153.2701470548692,412.8017518825397,63270.18521554449,44694.1063808302,33173.334879227245,61887.72614282142,A
153.93206060547598,410.0100996769766,63113.69951233361,44663.24502686966,33141.947940627666,61862.260455885094,A
154.59397415608277,407.249179355734,62958.26910840625,44632.05603739822,33110.36801659439,61836.247953921054,A
155.25588770668958,404.51852318721967,62803.88241123088,44600.548867806,33078.60188761539,61809.7020780891,A
155.9178012572964,401.81767251163046,62650.52800433781,44568.73274131444,33046.65615861231,61782.635956437094,A
156.5797148079032,399.1461775274417,62498.19464391152,44536.616655176644,33014.537263765866,61755.06241201632,A
157.24162835851,396.5035970837992,62346.87125546315,44504.209386692186,32982.25147119384,61726.993970759446,A
157.9035419091168,393.8894984786276,62196.546930580975,44471.519499042726,32949.804887487226,61698.44286912851,A
158.56545545972358,391.3034572622684,62047.21092375607,44438.555346953995,32917.20346210856,61669.42106153968,A
159.2273690103304,388.74505704648084,61898.852649281944,44405.325082190306,32884.45299165786,61639.940227573585,A
159.8892825609372,386.21388931863703,61751.461678226085,44371.83665888742,32851.55912401006,61610.0117789772,A
160.55119611154402,383.7095532609418,61605.02773547041,44338.09783872803,32818.52736232815,61579.64686646388,A
161.21310966215083,381.2316555745289,61459.54069681984,44304.11619596604,32785.36306895708,61548.85638631894,A
161.8750232127576,378.77981030828533,61314.99058617761,44269.89912230477,32752.07146920145,61517.65098681648,A
162.5369367633644,376.353638692243,61171.367572783194,44235.45383163226,32718.65765499073,61486.041074453366,A
163.1988503139712,373.9527689754154,61028.66196851387,44200.78736462018,32685.126588436848,61454.03682000668,A
163.86076386457802,371.57683626793687,60886.86422524737,44165.906593190215,32651.48310528651,61421.64816442015,A
164.52267741518483,369.2254823873646,60745.96493228239,44130.818224850984,32617.731918272362,61388.88482452447,A
165.18459096579164,366.89835570903307,60605.95481381815,44095.528806911665,32583.877620365798,61355.756298597626,A
165.84650451639843,364.59511102032354,60466.82472648887,44060.044730574315,32549.924687935305,61322.27187176919,A
166.5084180670052,362.31540937874576,60328.565656954335,44024.37223491078,32515.877483812714,61288.440621274975,A
167.17033161761202,360.05891797370003,60191.168719542,43988.5174107255,32481.740260270664,61254.27142156506,A
167.83224516821883,357.8253099918322,60054.62515394309,43952.48620431064,32447.517161914424,61219.7729492712,A
168.49415871882564,355.6142644858442,59918.92632295628,43916.28442109329,32413.212228489596,61184.953688036265,A
169.15607226943246,353.4254662466954,59784.06371028387,43879.917729182576,32378.829397610487,61149.82193321251,A
169.81798582003924,351.2586056790615,59650.02891837362,43843.39166281585,32344.372507409375,61114.385796430324,A
170.47989937064602,349.1133786799721,59516.81366630788,43806.71162570913,32309.845299111188,61078.653210042285,A
171.14181292125284,346.989486520536,59384.409787739154,43769.88289431504,32275.251419534052,61042.63193144697,A
171.80372647185965,344.8866357306484,59252.80922886821,43732.91062098903,32240.594423519855,61006.329547294925,A
172.46564002246646,342.8045379866176,59122.004046467926,43695.79983707013,32205.877776295827,60969.7534775821,A
173.12755357307327,340.74291000159934,58991.98640594677,43658.555455874804,32171.104855769703,60932.91097963194,A
173.78946712368005,338.70147341878146,58862.748579455314,43621.18227561015,32136.278954760426,60895.80915197166,A
174.45138067428684,336.67995470722576,58734.28294403189,43583.68498220673,32101.403283166554,60858.45493810426,A
175.11329422489365,334.6780850602949,58606.58197978741,43546.068152074135,32066.480970074226,60820.85513018049,A
175.77520777550046,332.6956002965944,58479.638268128736,43508.336254781985,32031.515065806463,60783.01637257299,A
176.43712132610727,330.7322407633524,58353.444490018934,43470.49365566808,31996.508543915606,60744.94516535593,A
177.0990348767141,328.78775124217304,58227.993424274,43432.54461837621,31961.464303121054,60706.64786769349,A
177.76094842732087,326.86188085709,58103.277945894275,43394.493307325225,31926.385169193032,60668.13070113782,A
178.42286197792765,324.9543829848671,57979.291024431586,43356.343790112565,31891.273896785326,60629.399752841964,A
179.08477552853446,323.0650151674701,57856.025722388964,43318.10003985281,31856.133171217254,60590.460978688294,A
179.74668907914128,321.1935390266592,57733.47519365394,43279.76593745428,31820.9656102073,60551.32020633537,A
180.4086026297481,319.339720180638,57611.63268196367,43241.34527383495,31785.77376555955,60511.983138186,A
181.0705161803549,317.50332816270173,57490.49151940102,43202.84175207944,31750.560124804186,60472.45535427798,A
181.7324297309617,315.684136341834,57370.045124921686,43164.25898953916,31715.32711279379,60432.74231510127,A
182.39434328156847,313.8819218451963,57250.28700291118,43125.60051987734,31680.07709325644,60392.84936434158,A
183.05625683217528,312.0964654824559,57131.21074177058,43086.86979506006,31644.81237030724,60352.781731554474,A
183.7181703827821,310.3275516719058,57012.8100125308,43048.07018729504,31609.53518991887,60312.54453477084,A
184.3800839333889,308.57496836832445,56895.078567494485,43009.20499091989,31574.247741353232,60272.14278303568,A
185.04199748399571,306.83850699253503,56778.01023890567,42970.27742424159,31538.95215855483,60231.58137888339,A
101.70155707762557,670.337457793398,68174.36322504569,11195.679312606855,5714.2508531267895,21806.64479844152,B
103.18360441271287,664.2486124219365,68539.56605583853,12078.433999973924,6151.833448359955,23575.209896101846,B
104.66565174780017,658.3007250712496,68901.47443563175,12945.912804575539,6579.982525594527,25320.438846366967,B
106.14769908288747,652.4886049891185,69260.16409739798,13798.632673322905,6999.047021326116,27043.049103428006,B
107.62974641797476,646.8073215942353,69615.708004477,14637.085668966994,7409.358123752542,28743.72551901574,B
109.11179375306206,641.2521880705574,69968.17648845442,15461.740502457043,7811.230409941445,30423.122269599768,B
110.59384108814936,635.8187462026578,70317.63737840312,16273.043951177195,8204.962895652357,32081.864644519912,B
112.07588842323666,630.5027523430047,70664.15612213821,17071.422172982813,8590.840005600445,33720.55070683516,B
113.55793575832396,625.3001644129686,71007.7959000773,17857.28192497497,8969.132471161454,35339.75283753112,B
115.03998309341127,620.2071298490329,71348.61773224587,18631.011695078072,9340.098161818338,36940.01917270999,B
116.52203042849857,615.2199744143243,71686.680578926,19392.98275370844,9703.982856029683,38521.87494247912,B
118.00407776358585,610.3351918032084,72022.04143539889,20143.55013212618,10061.020956646831,40085.82371944065,B
119.48612509867317,605.549433973595,72354.7554211997,20883.053533444127,10411.43615551425,41632.34858395911,B
120.96817243376046,600.8595021476777,72684.87586426374,21611.818181711136,10755.442051447786,43161.91321272901,B
122.45021976884776,596.2623384273743,73012.45438031906,22330.155613992247,11093.242725392221,44674.96289658317,B
123.93226710393506,591.7550179755823,73337.54094784377,23038.364419919264,11425.03327620747,46171.92549295073,B
125.41431443902236,587.3347417188442,73660.18397888911,23736.73093278735,11751.000320217066,47653.21231790391,B
126.89636177410966,582.9988295309413,73980.43038604081,24425.529875910805,12071.322457369177,49119.21898230363,B
128.37840910919695,578.7447138605213,74298.32564577112,25105.02496762682,12386.17070660568,50570.326176167175,B
129.86045644428427,574.5699337691011,74613.91385841765,25775.46948804406,12695.708912805427,52006.90040503428,B
131.34250377937155,570.4721293486601,74927.23780500253,26437.106810366422,13000.094127461185,53429.29468179127,B
132.82455111445887,566.4490364906876,75238.3390010933,27090.170899384866,13299.476965063053,54837.84917712697,B
134.30659844954616,562.4984819809146,75547.25774788996,27734.886779512228,13594.001936992894,56232.89183153491,B
135.78864578463345,558.6183788961247,75854.03318071202,28371.470974541433,13883.807764581838,57614.73893154186,B
137.27069311972076,554.8067222813463,76158.70331504084,29000.131921126394,14169.027672844542,58983.695652625465,B
138.75274045480808,551.0615850875604,76461.30509026941,29621.07035782677,14449.78966627935,60340.05657109364,B
140.23478778989536,547.3811143516166,76761.8744112954,30234.47969140799,14726.216788009326,61684.106147016406,B
141.71683512498265,543.7635276015213,77060.44618808375,30840.54634195444,14998.427363436398,63016.11918014086,B
143.19888246006997,540.2071094716293,77357.054373322,31439.450068233506,15266.535229486752,64336.36124057381,B
144.68092979515725,536.7102085134193,77651.73199827422,32031.364274633586,15530.649950440253,65645.08907587717,B
146.16297713024454,533.2712341887066,77944.5112069412,32616.45630090114,15790.877021258793,66942.55099610286,B
147.64502446533186,529.8886540331165,78235.42328862126,33194.88769580635,16047.31805925739,68228.98723817614,B
149.12707180041917,526.5609909785812,78524.49870896275,33766.81447578335,16300.07098489712,69504.63031093663,B
150.60911913550646,523.2868208244528,78811.76713959043,34332.38736951195,16549.230192419647,70769.70532204746,B
152.09116647059375,520.0647698476346,79097.25748638762,34891.75204933868,16794.886710988638,72024.43028789989,B
153.57321380568106,516.8935125428035,79380.99791650544,35445.04935036715,17037.1283569541,73269.0164275551,B
155.05526114076835,513.7717694844632,79663.01588416808,35992.41547798871,17276.039877809773,74503.66844169794,B
156.53730847585567,510.69830530317597,79943.33815533997,36533.98220457001,17511.703088372473,75728.58477750169,B
158.01935581094295,507.6719267688558,80221.9908313148,37069.87705596206,17744.196999673066,76943.95788024836,B
159.50140314603027,504.69148097450665,80498.99937128185,37600.223488448784,17973.597941014803,78149.97443248436,B
160.98345048111756,501.7558536142831,80774.38861392582,38125.14105671175,18199.97967562112,79346.81558144263,B
162.46549781620485,498.86396735014,81048.18279810746,38644.74557334556,18423.41351026599,80534.65715541218,B
163.94754515129216,496.014780261756,81320.40558267251,39159.14926042324,18643.96839925231,81713.66986968873,B
165.42959248637945,493.20728437479255,81591.08006543579,39668.46089357843,18861.711043078223,82884.01952270171,B
166.91163982146674,490.4405042628385,81860.22880137742,40172.78593903615,19076.70598210831,84045.86718286907,B
168.39368715655405,487.71349571876186,82127.87382009455,40672.22668399979,19289.015685544968,85199.36936670158,B
169.87573449164137,485.0253444914341,82394.03664254375,41166.88236077185,19498.700635974987,86344.67820863948,B
171.35778182672865,482.3751650840671,82658.73829710779,41656.84926496208,19705.81940974873,87481.94162307512,B
172.83982916181594,479.7620996106687,82921.9993350221,42142.22086811526,19910.428753431202,88611.30345898872,B
174.32187649690326,477.18531670731693,83183.83984518857,42623.08792506663,20112.583656550152,89732.90364759504,B
175.80392383199057,474.6440104952067,83444.27946840986,43099.53857631728,20312.33742084955,90846.8783433747,B
177.28597116707786,472.13739959256793,83703.33741106711,43571.65844569884,20509.74172624544,91953.36005884087,B
178.76801850216515,469.66472617279186,83961.03245827198,44039.530733584674,20704.84669366755,93052.47779337177,B
180.25006583725246,467.22525506621804,84217.38298651288,44503.23630588434,20897.70094495764,94144.35715641755,B
181.73211317233975,464.8182729032348,84472.40697582217,44962.85377904721,21088.351659986896,95229.12048537238,B
183.21416050742704,462.4430872964692,84726.1220214854,45418.45960128552,21276.844631142416,96306.88695838708,B
184.69620784251435,460.09902605997524,84978.54534531162,45870.12813021372,21463.22431532458,97377.77270237624,B
186.17825517760167,457.78543646347663,85229.6938064869,46317.9317070914,21647.533883588414,98441.89089646563,B
187.66030251268896,455.5016845198239,85479.58391202957,46761.940727844536,21829.815268553735,99499.35187110749,B
189.14234984777625,453.2471543039243,85728.23182686187,47202.2237110283,22010.10920970101,100550.2632030755,B
190.62439718286356,451.0212473015365,85975.65338351863,47638.847362888024,22188.45529666361,101594.72980654809,B
192.10644451795085,448.823381786398,86221.86409150774,48071.876639663904,22364.892010619787,102632.85402046438,B
193.58849185303814,446.65299222422686,86466.87914633485,48501.37480727556,22539.45676388191,103664.73569234021,B
195.07053918812545,444.5095287022703,86710.71343821139,48927.40349851842,22712.18593777521,104690.47225870943,B
196.55258652321277,442.3924563830985,86953.3815604556,49350.022767892224,22883.11491889175,105710.1588223536,B
198.03463385830005,440.3012549814437,87194.89781760021,49769.29114417751,23052.278133801894,106723.88822647232,B
199.51668119338734,438.23541826296264,87435.27623322228,50185.26568087045,23219.709082299632,107731.75112593689,B
200.99872852847466,436.1944535638235,87674.5305575013,50598.00200457631,23385.44036925419,108733.83605576534,B
202.48077586356197,434.1778813301296,87912.67427452219,51007.55436146117,23549.503735136386,109730.2294969443,B
203.96282319864923,432.18523467620827,88149.7206093302,51413.97566185249,23711.930085284588,110721.01593972283,B
205.44487053373655,430.2160589608647,88385.68253474921,51817.31752307572,23872.74951797054,111706.27794449129,B
206.92691786882386,428.2699113807498,88620.57277797289,52217.63031060916,24031.991351322977,112686.09620035635,B
208.40896520391115,426.34636058002883,88854.40382693739,52614.963177634934,24189.68414916369,113660.54958151285,B
209.89101253899844,424.4449862755909,89087.18793648508,53009.364103059845,24345.855745807043,114629.71520151544,B
211.37305987408575,422.56537889707334,89318.93713432681,53400.879928075585,24500.533269871696,115593.66846553682,B
212.85510720917307,420.7071392410202,89549.66322681186,53789.55639132514,24653.743167150955,116552.48312070759,B
214.33715454426033,418.8698781385152,89779.37780451043,54175.43816273663,24805.511222584893,117506.23130461627,B
215.81920187934764,417.0532161356919,90008.0922476201,54558.56887608629,24955.862581375815,118454.98359205325,B
217.30124921443496,415.256783186522,90235.817731199,54938.99116034463,25104.821769286056,119398.80904006999,B
218.78329654952225,413.4802183573387,90462.56523023485,55316.74666986105,25252.41271215521,120337.77523143093,B
220.26534388460954,411.72316954256513,90688.3455245545,55691.87611343647,25398.658754671913,121271.94831652012,B
221.74739121969685,409.985293191162,90913.16920358271,56064.41928233395,25543.58267843383,122201.39305377356,B
223.22943855478417,408.2662540433037,91137.04667095157,56434.41507727075,25687.206719327016,123126.17284869551,B
224.71148588987145,406.56572487685025,91359.9881489697,56801.90153443743,25829.552584254838,124046.34979151732,B
226.19353322495874,404.8833862631863,91582.00368295584,57166.915850585,25970.641467245234,124961.98469355814,B
227.67558056004606,403.2189263320158,91803.10314544015,57529.4944072188,26110.49406496307,125873.13712233775,B
229.15762789513334,401.57204054473254,92023.29624023921,57889.67279393695,26249.130591653604,126779.86543549219,B
230.63967523022063,399.9424314760036,92242.59250641025,58247.48583094993,26386.570793540945,127682.22681354453,B
232.12172256530795,398.32980860320856,92461.00132208619,58602.96759081347,26522.833962705958,128580.27729157131,B
233.60376990039526,396.7338881034184,92678.53190820011,58956.15141940955,26657.938950464075,129474.0717898132,B
235.08581723548252,395.1543926575767,92895.19333209717,59307.06995620315,26791.904180265683,130363.66414327062,B
236.56786457056984,393.59105126161023,93110.99451104482,59655.75515380795,26924.747660137957,131249.10713032202,B
238.04991190565715,392.04359904415674,93325.94421563829,60002.23829688496,27056.4869946878,132130.4525004072,B
239.53195924074447,390.5117770906587,93540.05107311036,60346.550020404364,27187.13939668395,133007.75100080858,B
241.01400657583173,388.99533227354954,93753.32357054512,60688.720327293406,27316.7216982354,133881.0524025677,B
242.49605391091904,387.4940170882924,93965.77005800114,61028.77860549629,27445.25036158269,134750.405525568,B
243.97810124600636,386.0075894950317,94177.39875154571,61366.753644468015,27572.74148951805,135615.85826281848,B
245.46014858109362,384.53581276563807,94388.21773620512,61702.67365112588,27699.210835448903,136477.45760396548,B
246.94219591618094,383.07845533592086,94598.23496883093,62036.56626527767,27824.6738131194,137335.249658065,B
248.42424325126825,381.6352906628172,94807.45828088817,62368.458574548706,27949.145506003435,138189.27967564022,B
249.90629058635557,380.20609708635146,95015.89538116587,62698.37712882599,28072.6406763824,139039.59207005295,B
251.38833792144283,378.790657696183,95223.55385841364,63026.34795423808,28195.173774119645,139886.2304382134,B
252.87038525653014,377.38876020256214,95430.44118390616,63352.396566688374,28316.75894514395,140729.23758065412,B
254.35243259161746,376.0001968115263,95636.56471393864,63676.5479849589,28437.410039653358,141568.65552098895,B
255.83447992670477,374.62476410416883,95841.9316922545,63998.82674340014,28557.140620049566,142404.52552478062,B
257.31652726179203,373.2622629198275,96046.54925240797,64319.25690422264,28675.963968614178,143236.8881178402,B
258.79857459687935,371.91249824304737,96250.42442006506,64637.86206940603,28793.89309493588,144065.783103975,B
260.28062193196666,370.5752790941651,96453.56411524142,64954.66539223739,28910.940743098297,144891.2495822088,B
261.7626692670539,369.25041842339294,96655.97515448388,65269.68958849548,29027.119398638035,145713.32596348904,B
263.24471660214124,367.93773300825603,96857.66425299266,65582.9569472909,29142.44129528063,146532.04998690245,B
264.72676393722855,366.63704335427207,97058.63802668982,65894.48934157669,29256.918421463455,147347.45873541562,B
266.20881127231587,365.3481735987423,97258.90299423288,66204.30823833979,29370.5625266532,148159.5886511557,B
267.69085860740313,364.07095141755156,97458.46557897853,66512.43470848665,29483.385127465546,148968.47555024765,B
269.17290594249044,362.80520793485175,97657.33211089353,66818.88943643114,29595.39751359451,149774.15463722558,B
270.65495327757776,361.5507776355431,97855.50882841983,67123.69272939867,29706.610753557772,150576.66051902945,B
272.137000612665,360.3074982804318,98053.00188028967,67426.86452645296,29817.035700265726,151376.0272186036,B
273.61904794775234,359.0752108239862,98249.81732729755,67728.42440725873,29926.6829964195,152172.2881881103,B
275.10109528283965,357.8537593345836,98445.96114402564,68028.39160058604,30035.56307974509,152965.47632177043,B
276.58314261792697,356.642990917169,98641.43922052739,68326.78499256802,30143.686188068405,153755.6239683439,B
278.0651899530142,355.4427556382393,98836.25736396982,68623.62313471948,30251.06236423827,154542.76294326395,B
279.54723728810154,354.2529064530631,99030.42130023405,68918.9242517237,30357.70146090127,155326.9245404332,B
281.02928462318886,353.07329913507,99223.93667547789,69212.70624899694,30463.613145134605,156108.13954369642,B
282.5113319582761,351.9037922073232,99416.80905765931,69504.98672003683,30568.806902941727,156886.43823799695,B
283.99337929336343,350.7442468760079,99609.04393802321,69795.78295356254,30673.292043615544,157661.8504202309,B
285.47542662845075,349.59452696587186,99800.6467325537,70085.11194045459,30777.077703973304,158434.40540980623,B
286.95747396353806,348.45449885753476,99991.62278338874,70372.99038049828,30880.172852468586,159204.13205891618,B
288.4395212986253,347.3240314266223,100181.97736020363,70659.43468894073,30982.586293183344,159971.0587625388,B
289.92156863371264,346.2029959846503,100371.71566156072,70944.46100286546,31084.326669705388,160735.21346816866,B
291.40361596879995,345.0912662216016,100560.84281622649,71228.08518739036,31185.402468893903,161496.62368529028,B
292.8856633038872,343.98871815014184,100749.3638844582,71510.32284169614,31285.82202453813,162255.31649460163,B
294.36771063897453,342.8952300514213,100937.2838592614,71791.18930489058,31385.59352091144,163011.31855699627,B
295.84975797406184,341.8106824224016,101124.60766761644,72070.6996617123,31484.724996225374,163764.65612230872,B
297.33180530914916,340.73495792466605,101311.34017167793,72348.86874808132,31583.224345986182,164515.35503783543,B
298.8138526442364,339.66794133465856,101497.48616994581,72625.71115649983,31681.09932625811,165263.44075663236,B
300.29589997932374,338.6095194953077,101683.0503984098,72901.24124130864,31778.35755683482,166008.9383456016,B
301.77794731441105,337.55958126898975,101868.03753166784,73175.47312380372,31875.006524324057,166751.87249336965,B
303.25999464949837,336.51801749178617,102052.45218401887,73448.42069721705,31971.053585146386,167492.26751796593,B
304.7420419845856,335.48472092899755,102236.29891053156,73720.09763156676,32066.505968452235,168230.14737430643,B
306.22408931967294,334.4595862318658,102419.58220808773,73990.51737837913,32161.370778959168,168965.53566148816,B
307.70613665476026,333.4425098954778,102602.30651640415,74259.69317528853,32255.654999712162,169698.45562990147,B
309.1881839898475,332.4333902177997,102784.47621902982,74527.63805051685,32349.3654947691,170428.93018816592,B
310.67023132493483,331.4321272598168,102966.09564432253,74794.3648272381,32442.50901181444,171156.98190989028,B
312.15227866002215,330.4386228067386,103147.16906640302,75059.88612783024,32535.09218470248,171882.63304027048,B
313.63432599510946,329.45278033023783,103327.700706089,75324.21437801878,32627.121535933376,172605.90550252132,B
315.1163733301967,328.4745049516873,103507.69473180745,75587.36181091404,32718.603479063055,173326.82090415226,B
316.59842066528404,327.50370340637136,103687.15526048877,75849.34047094721,32809.54432104999,174045.40054309234,B
318.08046800037135,326.5402840086326,103866.08635844005,76110.16221770627,32899.950264540224,174761.66541366212,B
319.5625153354586,325.5841566179331,104044.49204220061,76369.8387296763,32989.827410092366,175475.63621240677,B
321.04456267054593,324.6352326057955,104222.37627937857,76628.38150788596,33079.18175834546,176187.33334378642,B
322.52661000563324,323.69342482360236,104399.74298946976,76885.80187946356,33168.019212130086,176896.77692573002,B
324.00865734072056,322.7586475712248,104576.59604465937,77142.11100110525,33256.345578525485,177603.98679505993,B
325.4907046758078,321.830816566456,104752.93927060641,77397.31986245765,33344.16657086355,178308.98251278457,B
326.97275201089514,320.90984891522425,104928.77644721144,77651.43928941738,33431.48781068223,179011.78336927108,B
328.45479934598245,319.99566308256726,105104.11130936924,77904.47994735102,33518.314829628725,179712.40838929155,B
329.9368466810697,319.08817886433684,105278.94754770445,78156.45234423582,33604.65307131514,180410.87633695625,B
331.418894016157,318.1873173596179,105453.28880929253,78407.36683372501,33690.50789312684,181107.2057205298,B
332.90094135124434,317.2930009438429,105627.13869836656,78657.23361813992,33775.884567986075,181801.4147971359,B
334.38298868633166,316.40515324257086,105800.5007770076,78906.06275138908,33860.78828607121,182493.52157735542,B
335.8650360214189,315.5236991059253,105973.37856582295,79153.86414181929,33945.22415649342,183183.54382971884,B
337.34708335650623,314.64856458366086,106145.77554460928,79400.6475549981,34029.197208931895,183871.49908509434,B
338.82913069159355,313.7796769008455,106317.69515300258,79646.42261643072,34112.71239522902,184557.40464097954,B
340.3111780266808,312.9169644341414,106489.14079111564,79891.19881421363,34195.77459094622,185241.27756569444,B
341.7932253617681,312.0603566886614,106660.11582016139,80134.98550162517,34278.38859688177,185923.13470247944,B
343.27527269685544,311.2097842753922,106830.62356306482,80377.79189965648,34360.559140552345,186602.99267350388,B
344.75732003194275,310.365178889162,107000.66730506199,80619.62709948322,34442.290877637955,187280.86788378304,B
346.23936736703,309.52647328714323,107170.25029428839,80860.50006488121,34523.58839339291,187956.77652501108,B
347.72141470211733,308.6936012678651,107339.37574235338,81100.41963458485,34604.45620402217,188630.7345793052,B
349.20346203720464,307.8664976507362,107508.04682490602,81339.39452459344,34684.89875802568,189302.75782287208,B
350.68550937229196,307.0450982560465,107676.26668218711,81577.43333042315,34764.9204375099,189972.86182959026,B
352.1675567073792,306.229339885451,107844.03841957287,81814.54452930954,34844.525559469395,190641.0619745173,B
353.64960404246654,305.4191603029088,108011.3651081063,82050.73648235906,34923.71837703696,191307.37343731956,B
355.13165137755385,304.6144982160738,108178.24978501922,82286.01743665295,35002.50308070574,191971.81120562763,B
356.6136987126411,303.81529325811897,108344.69545424354,82520.39552730344,35080.883799521565,192634.39007832023,B
358.0957460477284,303.0214859699857,108510.7050869133,82753.87877946452,35158.86460224881,193295.12466873802,B
359.57779338281574,302.2330177830455,108676.28162185682,82986.47511029795,35236.44949850806,193954.0294078284,B
361.05984071790306,301.4498310021617,108841.42796607931,83218.19233089556,35313.6424398887,194611.1185472228,B
362.5418880529903,300.6718687891433,109006.14699523698,83449.0381481598,35390.44732103473,195266.40616225137,B
364.02393538807763,299.89907514657494,109170.44155410104,83679.02016664216,35466.86798070705,195919.9061548919,B
365.50598272316495,299.131394902021,109334.31445701432,83908.14589034254,35542.90820282064,196571.63225665662,B
366.98803005825226,298.36877369258514,109497.7684883383,84136.42272446856,35618.571717458326,197221.59803142253,B
368.4700773933395,297.6111579498207,109660.80640289183,84363.85797715707,35693.862201862255,197869.81687819748,B
369.95212472842684,296.85849488498474,109823.43092638293,84590.45886115923,35768.78328140232,198516.3020338332,B
371.43417206351415,296.1107324746181,109985.64475583051,84816.23249548797,35843.33853052355,199161.06657568176,B
372.91621939860147,295.36781944645406,110147.45055998037,85041.18590703177,35917.53147367177,199804.12342419435,B
374.39826673368873,294.6297052656368,110308.85097971198,85265.32603213286,35991.36558619923,200445.48534547194,B
375.88031406877604,293.8963401212499,110469.84862843924,85488.659718133,36064.84429524983,201085.16495376025,B
377.36236140386336,293.1676749131393,110630.4460925024,85711.19372488555,36137.970980625025,201723.1747138947,B
378.8444087389506,292.4436612390289,110790.64593155388,85932.93472623643,36210.74897563076,202359.52694369844,B
380.32645607403794,291.7242513819187,110950.4506789369,86153.88931147382,36283.18156790564,202994.2338163288,B
381.80850340912525,291.0093982977595,111109.8628420576,86374.06398674803,36355.272000231584,203627.30736257895,B
383.29055074421257,290.299055603393,111268.8849027493,86593.46517646089,36427.023471326014,204258.75947313412,B
384.7725980792998,289.5931775647577,111427.51931763181,86812.09922462741,36498.43913661819,204888.60190077955,B
386.25464541438714,288.8917190853466,111585.76851846329,87029.97239620883,36569.52210900746,205516.84626256945,B
387.73669274947446,288.1946356949155,111743.63491248619,87247.09087841837,36640.27545960656,206143.5040419498,B
389.2187400845617,287.5018835384323,111901.12088276702,87463.46078200027,36710.70221846791,206768.58659084162,B
390.70078741964903,286.81341936526246,112058.22878853006,87679.08814248275,36780.805375295415,207392.10513168102,B
392.18283475473635,286.12920051858754,112214.96096548604,87893.9789214061,36850.58788014047,208014.07075942235,B
393.66488208982366,285.4491849250427,112371.3197261532,88108.13900752457,36920.05264408369,208634.49444350103,B
395.1469294249109,284.77333108457884,112527.30736017486,88321.57421798566,36989.20253990241,209253.3870297586,B
396.62897675999824,284.10159806053423,112682.92613462999,88534.29029948458,37058.04040272358,209870.75924232995,B
12.528178082191781,4853.589566466942,60806.634426565855,21977.917894830316,19782.240112970157,24515.347568451034,C
12.61221429141037,4798.880678313669,60524.51147380074,22133.46604729139,19916.70332115288,24695.989707516048,C
12.696250500628958,4745.145655400049,60245.557902930195,22284.392659729805,20046.969681295486,24871.52840081661,C
12.780286709847548,4692.360886938097,59969.717481143416,22430.830385638637,20173.162205786462,25042.1069692163,C
12.864322919066137,4640.503484722864,59696.93533452662,22572.907456743702,20295.39975040623,25207.864023709695,C
12.948359128284725,4589.5512564828,59427.1579066097,22710.747854747297,20413.79717741559,25368.9336464306,C
13.032395337503313,4539.482680378114,59160.33291843678,22844.471475411865,20528.465511311893,25525.445563655114,C
13.116431546721902,4490.276880590644,58896.40933009514,22974.194285369987,20639.512087623727,25677.525311199555,C
13.20046775594049,4441.913603951955,58635.3373036412,23100.028472025562,20747.040695096966,25825.294392592987,C
13.284503965159079,4394.3731975590645,58377.06816736217,23222.082586889657,20851.151711602663,25968.870430380764,C
13.368540174377669,4347.636587330335,58121.55438131981,23340.46168267713,20951.942234080274,26108.367310897567,C
13.452576383596258,4301.685257456282,57868.74950412056,23455.267444470308,21049.50620281137,26243.895322829056,C
13.536612592814846,4256.501230702694,57618.60816086197,23566.598315240422,21143.93452030377,26375.561289863064,C
13.620648802033434,4212.0670495257,57371.08601220673,23674.549616001128,21235.315165049207,26503.468697717206,C
13.704685011252023,4168.36575796048,57126.13972453716,23779.213660853326,21323.733300404583,26627.71781581132,C
13.788721220470613,4125.380884247525,56883.72694114767,23880.679867167466,21409.271378832753,26748.405813841346,C
13.872757429689202,4083.096424162027,56643.80625443117,23979.034861134955,21492.009241725882,26865.62687349626,C
13.95679363890779,4041.496825013938,56406.337179020564,24074.36257890906,21572.024215022833,26979.47229554686,C
14.040829848126378,4000.5669702879018,56171.28012584688,24166.744363543672,21649.39120082025,27090.030602523606,C
14.124866057344967,3960.292164893736,55938.59637707675,24256.259057926858,21724.182765167523,27197.38763718936,C
14.208902266563555,3920.658120999837,55708.2480618954,24342.9830938967,21796.469222224343,27301.626657001816,C
14.292938475782144,3881.650944423101,55480.19813310104,24426.990577716228,21866.31871495083,27402.82842475014,C
14.376974685000734,3843.257121550416,55254.41034447912,24508.35337207579,21933.79729249218,27501.07129554184,C
14.461010894219323,3805.4635067680283,55030.84922892653,24587.141174782297,21998.968984410025,27596.431300305405,C
14.545047103437911,3768.2573103761733,54809.480077295695,24663.421594286305,22061.89587190523,27688.982225967433,C
14.6290833126565,3731.626086967658,54590.26891793223,24737.260222190973,22122.638156170677,27778.795692453674,C
14.713119521875088,3695.5577242499335,54373.18249687797,24808.7207028785,22181.254224003314,27865.94122665603,C
14.797155731093678,3660.0404322914214,54158.18825871559,24877.864800384217,22237.80071080029,27950.48633350167,C
14.881191940312267,3625.062733173624,53945.25432802969,24944.7524626407,22292.33256105648,28032.496564251916,C
14.965228149530855,3590.6134510315333,53734.34949146123,25009.441883208965,22344.903086475046,28112.03558215331,C
15.049264358749443,3556.6817024656725,53525.443180332935,25071.98956060756,22395.564021797556,28189.165225557103,C
15.133300567968032,3523.256887309985,53318.50545382548,25132.450355345594,22444.36557845438,28263.945568617626,C
15.21733677718662,3490.3286797403894,53113.50698268265,25190.877544759533,22491.356496131226,28336.43497967419,C
15.301372986405209,3457.887019709645,52910.41903342638,25247.322875749218,22536.584092343375,28406.690177416887,C
15.385409195623797,3425.9221046949515,52709.21345306454,25301.83661550493,22580.09431010423,28474.76628493161,C
15.469445404842388,3394.4243817450315,52509.86265427064,25354.46760031039,22621.931763770473,28540.716881714146,C
15.553481614060976,3363.3845398144485,52312.33960102096,25405.263282505373,22662.139783143248,28604.594053740333,C
15.637517823279564,3332.793502373238,52116.61779467183,25454.269775685927,22700.76045589904,28666.448441674194,C
15.721554032498153,3302.6424202804965,51922.6712604603,25501.531898216326,22737.834668422765,28726.3292872922,C
15.805590241716743,3272.9226649112297,51730.47453441449,25547.093215124652,22773.402145109714,28784.284478198573,C
15.889626450935332,3243.6258215261546,51540.00265065883,25590.996078449592,22807.50148620202,28840.360590902492,C
15.97366266015392,3214.743682874557,51351.23112909901,25633.28166610255,22840.170204220452,28894.602932325237,C
16.05769886937251,3186.268243020984,51164.13596347558,25673.990019307712,22871.44475905098,28947.055579801963,C
16.141735078591097,3158.1916913866467,50978.69360977078,25713.160078677607,22901.360591741515,28997.761419639497,C
16.225771287809685,3130.5064069971622,50794.88097495882,25750.829718981517,22929.95215706243,29046.762184289564,C
16.309807497028274,3103.2049529283113,50612.675406085444,25787.035782658953,22957.252954882144,29094.09848819343,C
16.393843706246862,3076.2800709421463,50432.054679667555,25821.814112130385,22983.295560405488,29139.809862351252,C
16.47787991546545,3049.7246763058984,50252.99699140034,25855.199580953147,23008.111653322398,29183.93478766809,C
16.56191612468404,3023.5318527866034,50075.48094616226,25887.226123869426,23031.73204591018,29226.51072712517,C
16.645952333902628,2997.6948478146364,49899.48554830793,25917.92676579084,23054.186710132042,29267.57415682268,C
16.729988543121216,2972.2070678095997,49724.9901922385,25947.33364976171,23075.5048037726,29307.16059594004,C
16.814024752339808,2947.062073662358,49551.97465324077,25975.478063941908,23095.714695648134,29345.304635654786,C
16.898060961558397,2922.253576367289,49380.41907858649,26002.390467648183,23114.843989929137,29382.039967062286,C
16.982097170776985,2897.775432798943,49210.30397888198,26028.100516490438,23132.919549609967,29417.399408134537,C
17.066133379995573,2873.621641627736,49041.61021966078,26052.637086638897,23149.967519159498,29451.41492975527,C
17.150169589214162,2849.7863393694324,48874.31901321159,26076.02829825613,23166.01334638471,29484.11768086811,C
17.23420579843275,2826.2637965633357,48708.4119106324,26098.301538125714,23181.081803538156,29515.53801277044,C
17.31824200765134,2803.0484140745098,48543.87079410564,26119.48348150956,23195.197007698775,29545.705502587163,C
17.402278216869927,2780.1347195152734,48380.67786938443,26139.60011326224,23208.38244045386,29574.648975954595,C
17.486314426088516,2757.5173637817397,48218.81565848621,26158.67674823229,23220.66096690974,29602.39652894509,C
17.570350635307108,2735.191117701008,48058.266992584264,26176.7380509762,23232.05485405624,29628.975549260816,C
17.654386844525696,2713.1508687850937,47899.015005093024,26193.80805481227,23242.58578851025,29654.412736724316,C
17.738423053744285,2691.3916180876085,47741.043124939366,26209.9101802385,23252.274893661506,29678.734123092047,C
17.822459262962873,2669.908477159553,47584.335070015375,26225.06725273895,23261.142746243557,29701.965091216305,C
17.90649547218146,2648.696665100592,47428.87484080588,26239.30152000115,23269.209392351655,29724.13039357973,C
17.99053168140005,2627.751505702387,47274.64671418548,26252.63466856638,23276.494362927784,29745.254170225377,C
18.07456789061864,2607.0684246807577,47121.63523738054,26265.087839934477,23283.016688733464,29765.359966104756,C
18.158604099837227,2586.642946993425,46969.82522208986,26276.681646142453,23288.794914828908,29784.470747865184,C
18.242640309055815,2566.470694240384,46819.20173876009,26287.43618483702,23293.84711457708,29802.608920097013,C
18.326676518274404,2546.547382143939,46669.750111010486,26297.37105385897,23298.190903189818,29819.79634105962,C
18.410712727492992,2526.8688181056514,46521.45591020289,26306.50536535768,23301.84345083333,29836.054337906193,C
18.49474893671158,2507.4308988374937,46374.3049501525,26314.85775945255,23304.82149530894,29851.4037214245,C
18.57878514593017,2488.229608064606,46228.28328197435,26322.4464174575,23307.14135432433,29865.86480031095,C
18.662821355148758,2469.261014297243,46083.37718906287,26329.289074684926,23308.81893737057,29879.45739499532,C
18.746857564367346,2450.5212686694604,45939.573182199136,26335.403032843456,23309.86975721884,29892.200851031434,C
18.830893773585938,2432.006602842294,45796.85799478284,26340.80517204449,23310.30894105065,29904.114052069177,C
18.914929982804527,2413.7133269692163,45655.2185781849,26345.511962431163,23310.151241234704,29915.21543242337,C
18.998966192023115,2395.637827721744,45514.64209721711,26349.539475443158,23309.41104576283,29925.522989252462,C
19.083002401241703,2377.7765663731957,45375.115925715945,26352.90339473038,23308.102388357427,29935.054294361657,C
19.167038610460292,2360.126076938585,45236.62764223603,26355.619026727356,23306.23895826157,29943.826505643232,C
19.25107481967888,2342.682964368826,45099.165025851384,26357.701310900775,23303.834109723455,29951.856378166216,C
19.33511102889747,2325.4439027973986,44962.71605206036,26359.164829681165,23300.90087118557,29959.160274928352,C
19.419147238116057,2308.405633837733,44827.268888791565,26360.023818089696,23297.451954188906,29965.75417728108,C
19.503183447334646,2291.564964929656,44692.81189250806,26360.29217307082,23293.499762002364,29971.65369503936,C
19.587219656553238,2274.9187677332493,44559.33360440657,26359.983462540575,23289.056397986664,29976.87407628681,C
19.671255865771826,2258.463976568602,44426.82274670948,26359.11093416066,23284.13367370196,29981.430216886532,C
19.755292074990415,2242.197586899915,44295.26821904653,26357.687523847206,23278.74311676816,29985.33666970761,C
19.839328284209003,2226.116653862554,44164.65909492407,26355.725864023636,23272.895978485867,29988.607653576797,C
19.92336449342759,2210.218290831616,44034.98461827883,26353.238291625905,23266.603241227025,29991.25706196465,C
20.00740070264618,2194.4996680307254,43906.23420011474,26350.23685586894,23259.875625602144,29993.298471415197,C
20.09143691186477,2178.958011179701,43778.39741521929,26346.73332578168,23252.7235974123,29994.745149727052,C
20.175473121083357,2163.5906001799062,43651.46399895831,26342.739197519055,23245.157374392762,29995.610063895034,C
20.259509330301945,2148.394767836059,43525.42384414652,26338.265701458047,23237.186932755732,29995.905887819586,C
20.343545539520534,2133.367898613319,43400.26699799128,26333.32380908473,23228.82201353821,29995.64500979181,C
20.427581748739122,2118.507427428585,43275.98365910843,26327.924239679753,23220.07212876225,29994.839539761662,C
20.51161795795771,2103.810838474905,43152.56417460793,26322.07746680869,23210.946567413204,29993.50131639603,C
20.5956541671763,2089.2756640779307,43029.999037246664,26315.793724623218,23201.4544012423,29991.641913933796,C
20.679690376394888,2074.89948358347,42908.278882647806,26309.08301398005,23191.604490399393,29989.27264884446,C
20.763726585613476,2060.6799222751274,42787.39448658397,26301.955108382954,23181.4054889011,29986.404586296387,C
20.847762794832065,2046.6146503211257,42667.336762323,26294.419559753995,23170.865849940226,29983.048546441194,C
20.931799004050653,2032.701381749385,42548.09675803417,26286.485704039085,23159.993831041025,29979.215110519763,C
21.015835213269245,2018.9378734500212,42429.665654253884,26278.162666653712,23148.797499065975,29974.91462679595,C
21.099871422487833,2005.3219242043888,42312.0347614085,26269.459367773386,23137.284735078196,29970.157216323023,C
21.183907631706422,1991.8513737398994,42195.19551739357,26260.38452747438,23125.46323906481,29964.95277854875,C
21.26794384092501,1978.524101809797,42079.13948520736,26250.946670728983,23113.340534525167,29959.310996763474,C
21.3519800501436,1965.3380272971458,41963.85835063723,26241.154132260068,23100.923972928496,29953.241343396752,C
21.436016259362187,1952.2911073423265,41849.34391999832,26231.01506125971,23088.220738045253,29946.75308516687,C
21.52005246858078,1939.3813364932876,41735.58811792186,26220.537425975563,23075.237850155852,29939.855288088158,C
21.604088677799368,1926.6067458779216,41622.58298519309,26209.729018169717,23061.98217014107,29932.55682234025,C
21.688124887017956,1913.9654023978694,41510.32067663657,26198.597457453612,23048.4604034574,29924.866367003622,C
21.772161096236545,1901.4554079431296,41398.79345904799,26187.150195502956,23034.679104001352,29916.792414665717,C
21.856197305455133,1889.0748986268777,41287.99370917169,26175.39452015667,23020.644677865996,29908.343275901436,C
21.94023351467372,1876.8220440398625,41177.91391172183,26163.33755940293,23006.36338699305,29899.527083631896,C
22.02426972389231,1864.6950465238365,41068.546657446896,26150.986285256204,22991.841352723957,29890.35179736524,C
22.1083059331109,1852.6921404634525,40959.88464123607,26138.347517528455,22977.084559252882,29880.825207322967,C
22.192342142329487,1840.8115915960827,40851.92066026636,26125.4279274977,22962.098856984718,29870.954938455343,C
22.276378351548075,1829.0516963390621,40744.647612189765,26112.23404147727,22946.88996580112,29860.74845434924,C
22.360414560766664,1817.4107811338283,40638.058493359174,26098.772244288546,22931.4634782373,29850.213061031627,C
22.444450769985252,1805.8872018064746,40532.14639709184,26085.048782640046,22915.82486257211,29839.355910671715,C
22.52848697920384,1794.479342944275,40426.904511970366,26071.069768416164,22899.979465834494,29828.184005185118,C
22.61252318842243,1783.1856172876849,40322.32612017914,26056.84118187766,22883.932516728517,29816.704199742486,C
22.696559397641018,1772.0044651374005,40218.40459587611,26042.36887477691,22867.689128479524,29804.92320618589,C
22.780595606859606,1760.9343537760465,40115.13340359876,26027.658573390392,22851.254301603676,29792.847596355365,C
22.864631816078195,1749.9737769040748,40012.50609670344,26012.715881470835,22834.632926603506,29780.483805328517,C
22.948668025296783,1739.1212540894767,39910.516315837216,25997.546283121403,22817.82978659116,29767.83813457532,C
23.032704234515375,1728.375330230927,39809.15778744178,25982.155145594366,22800.849559842307,29754.916755031358,C
23.116740443733963,1717.734575033967,39708.42432228788,25966.54772201614,22783.696822281636,29741.72571009089,C
23.200776652952552,1707.1975824998854,39608.30981404038,25950.729154041295,22766.376049903163,29728.270918523005,C
23.28481286217114,1696.7629704269348,39508.8082378528,25934.704474437323,22748.89162112638,29714.558177312476,C
23.36884907138973,1686.4293799235288,39409.91364899031,25918.478609602083,22731.247819090593,29700.593164427664,C
23.452885280608317,1676.1954749331248,39311.620181481354,25902.05638201635,22713.4488338891,29686.381441517802,C
23.536921489826906,1666.0599417704343,39213.922046796295,25885.442512632824,22695.49876474496,29671.928456541165,C
23.620957699045498,1656.0214886686795,39116.81353255323,25868.641623203795,22677.401622130285,29657.23954632694,C
23.704993908264086,1646.0788453375644,39020.289001249344,25851.65823854883,22659.16132983023,29642.319939071414,C
23.789030117482675,1636.2307625317133,38924.34288901857,25834.496788764864,22640.781726953686,29627.17475677189,C
23.873066326701263,1626.4760116292468,38828.96970441355,25817.16161137957,22622.26656989221,29611.80901759879,C
23.95710253591985,1616.813384220258,38734.164027212304,25799.656953450238,22603.61953422834,29596.227638208402,C
24.04113874513844,1607.2416917048997,38639.92050724851,25781.986973609317,22584.84421659507,29580.43543599764,C
24.12517495435703,1597.7597649008371,38546.23386326505,25764.155744058353,22565.94413648773,29564.43713130263,C
24.209211163575617,1588.3664536598133,38453.09888179017,25746.16725251166,22546.922738029847,29548.237349542665,C
24.293247372794205,1579.0606264930875,38360.51041603597,25728.02540409127,22527.783391693767,29531.840623310847,C
24.377283582012794,1569.8411702054973,38268.46338481822,25709.734023174242,22508.529395977934,29515.251394413,C
24.461319791231382,1560.7069895379504,38176.95277149782,25691.296855194214,22489.163979041794,29498.474015856707,C
24.54535600044997,1551.6570068180747,38085.97362294227,25672.717568397675,22469.690300299324,29481.51275379094,C
24.62939220966856,1542.6901616188582,37995.521048507835,25653.99975555697,22450.11145197263,29464.37178939856,C
24.713428418887148,1533.8054104250516,37905.59021904133,25635.14693564092,22430.430460606683,29447.05522074253,C
24.797464628105736,1525.001726307124,37816.17636590109,25616.1625554441,22410.650288546134,29429.56706456689,C
24.881500837324324,1516.2780986025793,37727.27477999661,25597.049991175976,22390.773835375294,29411.911258054504,C
24.965537046542913,1507.633532604464,37638.88081084711,25577.8125500114,22370.803939322544,29394.091660541704,C
25.0495732557615,1499.0670492568463,37550.989865657604,25558.453471602836,22350.74337862974,29376.112055191985,C
25.133609464980093,1490.5776848571174,37463.59740841296,25538.97592955602,22330.59487288804,29357.97615062923,C
25.217645674198682,1482.1644907649095,37376.698958988614,25519.383032869337,22310.36108434054,29339.687582531715,C
25.30168188341727,1473.8265331175053,37290.29009227887,25499.677827338826,22290.04461915325,29321.249915188062,C
25.38571809263586,1465.562892551527,37204.36643734104,25479.863296928826,22269.64802865475,29302.666643016033,C
25.469754301854447,1457.3726639307736,37118.923676555896,25459.942365109706,22249.17381054551,29283.94119204519,C
25.553790511073036,1449.254956080046,37033.957544803845,25439.91789616348,22228.624410078,29265.076921364365,C
25.637826720291628,1441.2088915248066,36949.46382865657,25419.792696458113,22208.002221207982,29246.077124535077,C
25.721862929510216,1433.2336062365243,36865.4383655835,25399.569515691303,22187.30958771791,29226.945030971274,C
25.805899138728805,1425.3282493835684,36781.87704317326,25379.251048104714,22166.5488043133,29207.683807286947,C
25.889935347947393,1417.4919830875103,36698.77579836938,25358.8399336693,22145.722117692596,29188.296558611943,C
25.97397155716598,1409.7239821846954,36616.13061672004,25338.338759242477,22124.83172759141,29168.786329877188,C
26.05800776638457,1402.0234339929643,36533.93753164183,25317.750059698115,22103.879787801707,29149.156107069655,C
26.14204397560316,1394.389538083377,36452.19262369662,25297.0763190296,22082.868407166607,29129.40881845848,C
26.226080184821747,1386.82150605685,36370.89201988221,25276.319971427405,22061.799650551704,29109.54733579248,C
26.310116394040335,1379.3185613255391,36290.0318929352,25255.483402330883,22040.67553979283,29089.57447546981,C
26.394152603258924,1371.8799388988957,36209.60846064698,25234.568949455817,22019.498054622,29069.492999681115,C
26.478188812477512,1364.5048851742615,36129.617985192046,25213.578903797952,21998.269133570848,29049.305617525857,C
26.5622250216961,1357.1926577318898,36050.05677246823,25192.515510613117,21976.99067485325,29029.01498610332,C
26.64626123091469,1349.9425251342925,35970.92117144898,25171.380970374637,21955.664537226876,29008.62371157877,C
26.730297440133278,1342.7537667298084,35892.207573547115,25150.177439708645,21934.292540834645,28988.134350225006,C
26.814333649351866,1335.6256724602797,35813.91241198989,25128.907032307656,21912.87646802657,28967.549409440326,C
26.898369858570454,1328.557542672765,35736.032161205534,25107.571819823414,21891.418064162335,28946.871348743603,C
26.982406067789043,1321.5486879351565,35658.56333622021,25086.173832738965,21869.91903839516,28926.102580746447,C
27.06644227700763,1314.598428855634,35581.50249206594,25064.715061220868,21848.381064437603,28905.24547210375,C
27.150478486226223,1307.706095905859,35504.84622319891,25043.19745595204,21826.805781309544,28884.302344442858,C
27.234514695444812,1300.8710292478129,35428.59116292798,25021.622928945475,21805.19479406887,28863.27547527149,C
27.3185509046634,1294.0925785641953,35352.73398285309,24999.993354339527,21783.549674525388,28842.167098865808,C
27.40258711388199,1287.3701028923163,35277.271392313916,24978.310569175384,21761.871961938377,28820.979407138446,C
27.486623323100577,1280.70297046136,35202.20013784741,24956.576374156528,21740.163163697882,28799.714550486988,C
27.570659532319166,1274.090558532997,35127.51700265562,24934.792534391647,21718.424755990916,28778.374638624093,C
27.654695741537758,1267.5322532452049,35053.218806081924,24912.960780120287,21696.658184451953,28756.961741388775,C
27.738731950756346,1261.0274494592732,34979.30240309672,24891.08280742254,21674.86486479892,28735.477889539976,C
27.822768159974935,1254.5755506099013,34905.764683792186,24869.160278912972,21653.046183454742,28713.9250755326,C
27.906804369193523,1248.1759685582977,34832.60257288506,24847.19482441868,21631.203498154704,28692.30525427647,C
27.99084057841211,1241.8281234482458,34759.81302922853,24825.18804164256,21609.338138540086,28670.620343878636,C
28.0748767876307,1235.5314435650464,34687.393045332174,24803.1414968118,21587.451406738626,28648.872226369494,C
28.15891299684929,1229.285365197272,34615.33964689009,24781.05672531191,21565.544577931687,28627.062748413045,C
28.242949206067877,1223.0893325012753,34543.649892316986,24758.93523230678,21543.618900908823,28605.193722001528,C
28.326985415286465,1216.9427973683896,34472.32087229229,24736.77849334517,21521.675598609934,28583.266925135318,C
28.411021624505054,1210.845219294751,34401.34970931173,24714.587954953724,21499.715868655316,28561.284102487774,C
28.495057833723642,1204.7960652536917,34330.733557246625,24692.365035217095,21477.740883863968,28539.246966055907,C
28.57909404294223,1198.7948095706429,34260.46960091042,24670.111124345283,21455.75179276019,28517.157195796888,C
28.66313025216082,1192.8409338004874,34190.55505563251,24647.827585228613,21433.749720069172,28495.01644025102,C
28.747166461379408,1186.9339266073166,34120.98716683922,24625.515753980686,21411.735767201524,28472.826317151314,C
28.831202670597996,1181.0732836465265,34051.76320964168,24603.176940469468,21389.71101272716,28450.588414019854,C
28.915238879816584,1175.2585074492076,33982.880488430535,24580.812428836878,21367.67651283868,28428.304288751788,C
28.999275089035173,1169.4891073087754,33914.336336477354,24558.42347800715,21345.633301804653,28405.975470186455,C
29.08331129825376,1163.7645991697952,33846.12811554267,24536.011322184306,21323.58239241292,28383.603458666686,C
29.16734750747235,1158.0845055189438,33778.25321549032,24513.577171338766,21301.52477640426,28361.189726586286,C
29.25138371669094,1152.4483552780666,33710.70905390809,24491.12221168356,21279.461424896497,28338.735718925618,C
